Case_ID,Stage,Molecule,Geometry,Charge,Multiplicity,Num_Electrons,Basis,Basis_Source,Active_Space,Active_Electrons,Active_Orbitals,Mapper,N_Qubit,N_Qubit_Source,Method,Ansatz,Ansatz_Reps,Backend_Platform,Optimizer,Opt_Options,Iterations,Shots,Qiskit_Version,TN_Layers_Network,TN_Ansatz,Optimization_Mode,Measurement_Method,Qasm_Ansatz_File,Qasm_Ansatz_SHA256,Num_Opt_Params_Phi,Phi_Init,Num_Opt_Params_Theta,Num_ExpVals_Per_Iter,Num_ExpVals_Source,Error_Mitigation,Precision,QESEM_Execution_Mode,Refines_Case_ID,Converged_Params_File,Converged_Params_SHA256,Est_QPU_Time_Per_Iter_S,Est_QPU_Time_S,Est_QPU_Time_Cumulative_S,Notes
12,1_screen,H2,H 0 0 0; H 0 0 0.74144,0,1,2,sto-3g,basis_set_exchange,full,2,2,mol_map,2,mol_map_run,TN-VQE,RealAmplitudes,2,ibm_aachen,COBYLA,{},30,4096,2.3.0,2,givens,both,pauli,data/qasm/RealAmplitudes_2q_2r.qasm,daf8294f21e5,6,random(seed=20260811),3,2,measured_run,none,n/a (shot-based),n/a (not QESEM),,,,13.250,397.500,397.500,"N_Qubit confirmed by a real Cebule MOL_MAP run for H2/sto-3g. NO active-space restriction: all 2 electrons in all 2 orbitals of sto-3g, so N_Qubit follows the basis set rather than being held fixed across it. Single TN-VQE reference point (TN_Layers_Network=2, givens, at the circuit's own 2 repetitions); the full sweep is stage 2. givens is the JW image of a single-particle orbital rotation: it entangles, commutes with the number operator, and leaves U^dag H U a two-body fermionic Hamiltonian, so its Pauli-string count saturates with TN_Layers_Network rather than growing. Standard per-Pauli-string measurement (baseline)."
13,1_screen,H2,H 0 0 0; H 0 0 0.74144,0,1,2,sto-3g,basis_set_exchange,full,2,2,mol_map,2,mol_map_run,VQE,EfficientSU2_circular,2,ibm_aachen,COBYLA,{},30,4096,2.3.0,,n/a (not TN-VQE),n/a (not TN-VQE),pauli,data/qasm/EfficientSU2_circular_2q_2r.qasm,0b771d6dd7a0,12,random(seed=20260811),,2,measured_run,none,n/a (shot-based),n/a (not QESEM),,,,13.250,397.500,795.000,"N_Qubit confirmed by a real Cebule MOL_MAP run for H2/sto-3g. NO active-space restriction: all 2 electrons in all 2 orbitals of sto-3g, so N_Qubit follows the basis set rather than being held fixed across it. Plain-VQE arm of the EfficientSU2_circular triple; the TN-VQE and classical-only rows on this circuit differ from it in method alone. Standard per-Pauli-string measurement (baseline)."
14,1_screen,H2,H 0 0 0; H 0 0 0.74144,0,1,2,sto-3g,basis_set_exchange,full,2,2,mol_map,2,mol_map_run,TN-VQE,EfficientSU2_circular,2,ibm_aachen,COBYLA,{},30,4096,2.3.0,2,givens,both,pauli,data/qasm/EfficientSU2_circular_2q_2r.qasm,0b771d6dd7a0,12,random(seed=20260811),3,2,measured_run,none,n/a (shot-based),n/a (not QESEM),,,,13.250,397.500,1192.500,"N_Qubit confirmed by a real Cebule MOL_MAP run for H2/sto-3g. NO active-space restriction: all 2 electrons in all 2 orbitals of sto-3g, so N_Qubit follows the basis set rather than being held fixed across it. Single TN-VQE reference point (TN_Layers_Network=2, givens, at the circuit's own 2 repetitions); the full sweep is stage 2. givens is the JW image of a single-particle orbital rotation: it entangles, commutes with the number operator, and leaves U^dag H U a two-body fermionic Hamiltonian, so its Pauli-string count saturates with TN_Layers_Network rather than growing. Standard per-Pauli-string measurement (baseline)."
15,1_screen,H2,H 0 0 0; H 0 0 0.74144,0,1,2,sto-3g,basis_set_exchange,full,2,2,mol_map,2,mol_map_run,VQE,RealAmplitudes,2,ibm_aachen,COBYLA,{},30,4096,2.3.0,,n/a (not TN-VQE),n/a (not TN-VQE),grouped,data/qasm/RealAmplitudes_2q_2r.qasm,daf8294f21e5,6,random(seed=20260811),,2,measured_run,none,n/a (shot-based),n/a (not QESEM),,,,13.250,397.500,1590.000,"N_Qubit confirmed by a real Cebule MOL_MAP run for H2/sto-3g. NO active-space restriction: all 2 electrons in all 2 orbitals of sto-3g, so N_Qubit follows the basis set rather than being held fixed across it. Plain-VQE arm of the RealAmplitudes triple; the TN-VQE and classical-only rows on this circuit differ from it in method alone. Cebule's basis-state-pair-grouping measurement scheme (TNQCOptInput.measurement_method='grouped'). Expected to need fewer or equal distinct circuits per iteration than 'pauli', but the exact circuit count is an output of a real run, not predictable from the inputs."
16,1_screen,H2,H 0 0 0; H 0 0 0.74144,0,1,2,sto-3g,basis_set_exchange,full,2,2,mol_map,2,mol_map_run,TN-VQE,RealAmplitudes,2,ibm_aachen,COBYLA,{},30,4096,2.3.0,2,givens,both,grouped,data/qasm/RealAmplitudes_2q_2r.qasm,daf8294f21e5,6,random(seed=20260811),3,2,measured_run,none,n/a (shot-based),n/a (not QESEM),,,,13.250,397.500,1987.500,"N_Qubit confirmed by a real Cebule MOL_MAP run for H2/sto-3g. NO active-space restriction: all 2 electrons in all 2 orbitals of sto-3g, so N_Qubit follows the basis set rather than being held fixed across it. Single TN-VQE reference point (TN_Layers_Network=2, givens, at the circuit's own 2 repetitions); the full sweep is stage 2. givens is the JW image of a single-particle orbital rotation: it entangles, commutes with the number operator, and leaves U^dag H U a two-body fermionic Hamiltonian, so its Pauli-string count saturates with TN_Layers_Network rather than growing. Cebule's basis-state-pair-grouping measurement scheme (TNQCOptInput.measurement_method='grouped'). Expected to need fewer or equal distinct circuits per iteration than 'pauli', but the exact circuit count is an output of a real run, not predictable from the inputs."
17,1_screen,H2,H 0 0 0; H 0 0 0.74144,0,1,2,sto-3g,basis_set_exchange,full,2,2,mol_map,2,mol_map_run,VQE,EfficientSU2_circular,2,ibm_aachen,COBYLA,{},30,4096,2.3.0,,n/a (not TN-VQE),n/a (not TN-VQE),grouped,data/qasm/EfficientSU2_circular_2q_2r.qasm,0b771d6dd7a0,12,random(seed=20260811),,2,measured_run,none,n/a (shot-based),n/a (not QESEM),,,,13.250,397.500,2385.000,"N_Qubit confirmed by a real Cebule MOL_MAP run for H2/sto-3g. NO active-space restriction: all 2 electrons in all 2 orbitals of sto-3g, so N_Qubit follows the basis set rather than being held fixed across it. Plain-VQE arm of the EfficientSU2_circular triple; the TN-VQE and classical-only rows on this circuit differ from it in method alone. Cebule's basis-state-pair-grouping measurement scheme (TNQCOptInput.measurement_method='grouped'). Expected to need fewer or equal distinct circuits per iteration than 'pauli', but the exact circuit count is an output of a real run, not predictable from the inputs."
18,1_screen,H2,H 0 0 0; H 0 0 0.74144,0,1,2,sto-3g,basis_set_exchange,full,2,2,mol_map,2,mol_map_run,TN-VQE,EfficientSU2_circular,2,ibm_aachen,COBYLA,{},30,4096,2.3.0,2,givens,both,grouped,data/qasm/EfficientSU2_circular_2q_2r.qasm,0b771d6dd7a0,12,random(seed=20260811),3,2,measured_run,none,n/a (shot-based),n/a (not QESEM),,,,13.250,397.500,2782.500,"N_Qubit confirmed by a real Cebule MOL_MAP run for H2/sto-3g. NO active-space restriction: all 2 electrons in all 2 orbitals of sto-3g, so N_Qubit follows the basis set rather than being held fixed across it. Single TN-VQE reference point (TN_Layers_Network=2, givens, at the circuit's own 2 repetitions); the full sweep is stage 2. givens is the JW image of a single-particle orbital rotation: it entangles, commutes with the number operator, and leaves U^dag H U a two-body fermionic Hamiltonian, so its Pauli-string count saturates with TN_Layers_Network rather than growing. Cebule's basis-state-pair-grouping measurement scheme (TNQCOptInput.measurement_method='grouped'). Expected to need fewer or equal distinct circuits per iteration than 'pauli', but the exact circuit count is an output of a real run, not predictable from the inputs."
1,1_screen,H2,H 0 0 0; H 0 0 0.74144,0,1,2,sto-3g,basis_set_exchange,full,2,2,JW,4,jw_exact,VQE,RealAmplitudes,2,ibm_aachen,COBYLA,{},30,4096,2.3.0,,n/a (not TN-VQE),n/a (not TN-VQE),pauli,data/qasm/RealAmplitudes_4q_2r.qasm,20ee55d404ec,12,random(seed=20260811),,5,qwc_grouping,none,n/a (shot-based),n/a (not QESEM),,,,16.625,498.750,3281.250,"N_Qubit = 2 x active orbitals (exact). NO active-space restriction: all 2 electrons in all 2 orbitals of sto-3g, so N_Qubit follows the basis set rather than being held fixed across it. Plain-VQE arm of the RealAmplitudes triple; the TN-VQE and classical-only rows on this circuit differ from it in method alone. Standard per-Pauli-string measurement (baseline)."
2,1_screen,H2,H 0 0 0; H 0 0 0.74144,0,1,2,sto-3g,basis_set_exchange,full,2,2,JW,4,jw_exact,TN-VQE,RealAmplitudes,2,ibm_aachen,COBYLA,{},30,4096,2.3.0,2,givens,both,pauli,data/qasm/RealAmplitudes_4q_2r.qasm,20ee55d404ec,12,random(seed=20260811),8,5,qwc_grouping,none,n/a (shot-based),n/a (not QESEM),,,,16.625,498.750,3780.000,"N_Qubit = 2 x active orbitals (exact). NO active-space restriction: all 2 electrons in all 2 orbitals of sto-3g, so N_Qubit follows the basis set rather than being held fixed across it. Single TN-VQE reference point (TN_Layers_Network=2, givens, at the circuit's own 2 repetitions); the full sweep is stage 2. givens is the JW image of a single-particle orbital rotation: it entangles, commutes with the number operator, and leaves U^dag H U a two-body fermionic Hamiltonian, so its Pauli-string count saturates with TN_Layers_Network rather than growing. Standard per-Pauli-string measurement (baseline)."
5,1_screen,H2,H 0 0 0; H 0 0 0.74144,0,1,2,sto-3g,basis_set_exchange,full,2,2,JW,4,jw_exact,VQE,RealAmplitudes,2,ibm_aachen,COBYLA,{},30,4096,2.3.0,,n/a (not TN-VQE),n/a (not TN-VQE),grouped,data/qasm/RealAmplitudes_4q_2r.qasm,20ee55d404ec,12,random(seed=20260811),,5,qwc_grouping,none,n/a (shot-based),n/a (not QESEM),,,,16.625,498.750,4278.750,"N_Qubit = 2 x active orbitals (exact). NO active-space restriction: all 2 electrons in all 2 orbitals of sto-3g, so N_Qubit follows the basis set rather than being held fixed across it. Plain-VQE arm of the RealAmplitudes triple; the TN-VQE and classical-only rows on this circuit differ from it in method alone. Cebule's basis-state-pair-grouping measurement scheme (TNQCOptInput.measurement_method='grouped'). Expected to need fewer or equal distinct circuits per iteration than 'pauli', but the exact circuit count is an output of a real run, not predictable from the inputs."
6,1_screen,H2,H 0 0 0; H 0 0 0.74144,0,1,2,sto-3g,basis_set_exchange,full,2,2,JW,4,jw_exact,TN-VQE,RealAmplitudes,2,ibm_aachen,COBYLA,{},30,4096,2.3.0,2,givens,both,grouped,data/qasm/RealAmplitudes_4q_2r.qasm,20ee55d404ec,12,random(seed=20260811),8,5,qwc_grouping,none,n/a (shot-based),n/a (not QESEM),,,,16.625,498.750,4777.500,"N_Qubit = 2 x active orbitals (exact). NO active-space restriction: all 2 electrons in all 2 orbitals of sto-3g, so N_Qubit follows the basis set rather than being held fixed across it. Single TN-VQE reference point (TN_Layers_Network=2, givens, at the circuit's own 2 repetitions); the full sweep is stage 2. givens is the JW image of a single-particle orbital rotation: it entangles, commutes with the number operator, and leaves U^dag H U a two-body fermionic Hamiltonian, so its Pauli-string count saturates with TN_Layers_Network rather than growing. Cebule's basis-state-pair-grouping measurement scheme (TNQCOptInput.measurement_method='grouped'). Expected to need fewer or equal distinct circuits per iteration than 'pauli', but the exact circuit count is an output of a real run, not predictable from the inputs."
3,1_screen,H2,H 0 0 0; H 0 0 0.74144,0,1,2,sto-3g,basis_set_exchange,full,2,2,JW,4,jw_exact,VQE,EfficientSU2_circular,2,ibm_aachen,COBYLA,{},32,4096,2.3.0,,n/a (not TN-VQE),n/a (not TN-VQE),pauli,data/qasm/EfficientSU2_circular_4q_2r.qasm,3402b830f182,24,random(seed=20260811),,5,qwc_grouping,none,n/a (shot-based),n/a (not QESEM),,,,16.625,532.000,5309.500,"N_Qubit = 2 x active orbitals (exact). NO active-space restriction: all 2 electrons in all 2 orbitals of sto-3g, so N_Qubit follows the basis set rather than being held fixed across it. Plain-VQE arm of the EfficientSU2_circular triple; the TN-VQE and classical-only rows on this circuit differ from it in method alone. Standard per-Pauli-string measurement (baseline)."
7,1_screen,H2,H 0 0 0; H 0 0 0.74144,0,1,2,sto-3g,basis_set_exchange,full,2,2,JW,4,jw_exact,VQE,EfficientSU2_circular,2,ibm_aachen,COBYLA,{},32,4096,2.3.0,,n/a (not TN-VQE),n/a (not TN-VQE),grouped,data/qasm/EfficientSU2_circular_4q_2r.qasm,3402b830f182,24,random(seed=20260811),,5,qwc_grouping,none,n/a (shot-based),n/a (not QESEM),,,,16.625,532.000,5841.500,"N_Qubit = 2 x active orbitals (exact). NO active-space restriction: all 2 electrons in all 2 orbitals of sto-3g, so N_Qubit follows the basis set rather than being held fixed across it. Plain-VQE arm of the EfficientSU2_circular triple; the TN-VQE and classical-only rows on this circuit differ from it in method alone. Cebule's basis-state-pair-grouping measurement scheme (TNQCOptInput.measurement_method='grouped'). Expected to need fewer or equal distinct circuits per iteration than 'pauli', but the exact circuit count is an output of a real run, not predictable from the inputs."
4,1_screen,H2,H 0 0 0; H 0 0 0.74144,0,1,2,sto-3g,basis_set_exchange,full,2,2,JW,4,jw_exact,TN-VQE,EfficientSU2_circular,2,ibm_aachen,COBYLA,{},42,4096,2.3.0,2,givens,both,pauli,data/qasm/EfficientSU2_circular_4q_2r.qasm,3402b830f182,24,random(seed=20260811),8,5,qwc_grouping,none,n/a (shot-based),n/a (not QESEM),,,,16.625,698.250,6539.750,"N_Qubit = 2 x active orbitals (exact). NO active-space restriction: all 2 electrons in all 2 orbitals of sto-3g, so N_Qubit follows the basis set rather than being held fixed across it. Single TN-VQE reference point (TN_Layers_Network=2, givens, at the circuit's own 2 repetitions); the full sweep is stage 2. givens is the JW image of a single-particle orbital rotation: it entangles, commutes with the number operator, and leaves U^dag H U a two-body fermionic Hamiltonian, so its Pauli-string count saturates with TN_Layers_Network rather than growing. Standard per-Pauli-string measurement (baseline)."
8,1_screen,H2,H 0 0 0; H 0 0 0.74144,0,1,2,sto-3g,basis_set_exchange,full,2,2,JW,4,jw_exact,TN-VQE,EfficientSU2_circular,2,ibm_aachen,COBYLA,{},42,4096,2.3.0,2,givens,both,grouped,data/qasm/EfficientSU2_circular_4q_2r.qasm,3402b830f182,24,random(seed=20260811),8,5,qwc_grouping,none,n/a (shot-based),n/a (not QESEM),,,,16.625,698.250,7238.000,"N_Qubit = 2 x active orbitals (exact). NO active-space restriction: all 2 electrons in all 2 orbitals of sto-3g, so N_Qubit follows the basis set rather than being held fixed across it. Single TN-VQE reference point (TN_Layers_Network=2, givens, at the circuit's own 2 repetitions); the full sweep is stage 2. givens is the JW image of a single-particle orbital rotation: it entangles, commutes with the number operator, and leaves U^dag H U a two-body fermionic Hamiltonian, so its Pauli-string count saturates with TN_Layers_Network rather than growing. Cebule's basis-state-pair-grouping measurement scheme (TNQCOptInput.measurement_method='grouped'). Expected to need fewer or equal distinct circuits per iteration than 'pauli', but the exact circuit count is an output of a real run, not predictable from the inputs."
71,1_screen,H2O,O 0 0 0; H 0 0.75695 0.58588; H 0 -0.75695 0.58588,0,1,10,sto-3g,basis_set_exchange,valence_cas,4,4,JW,8,jw_exact,VQE,RealAmplitudes,2,ibm_aachen,COBYLA,{},32,4096,2.3.0,,n/a (not TN-VQE),n/a (not TN-VQE),pauli,data/qasm/RealAmplitudes_8q_2r.qasm,746c96139c6c,24,random(seed=20260811),,29,qwc_grouping,none,n/a (shot-based),n/a (not QESEM),,,,43.625,1396.000,8634.000,"N_Qubit = 2 x active orbitals (exact). Stage-1 screening active space CAS(4,4), held fixed across all basis sets; 1 core orbital(s) frozen. PROVISIONAL: how far to restrict this molecule is an open campaign decision. Plain-VQE arm of the RealAmplitudes triple; the TN-VQE and classical-only rows on this circuit differ from it in method alone. Standard per-Pauli-string measurement (baseline)."
75,1_screen,H2O,O 0 0 0; H 0 0.75695 0.58588; H 0 -0.75695 0.58588,0,1,10,sto-3g,basis_set_exchange,valence_cas,4,4,JW,8,jw_exact,VQE,RealAmplitudes,2,ibm_aachen,COBYLA,{},32,4096,2.3.0,,n/a (not TN-VQE),n/a (not TN-VQE),grouped,data/qasm/RealAmplitudes_8q_2r.qasm,746c96139c6c,24,random(seed=20260811),,29,qwc_grouping,none,n/a (shot-based),n/a (not QESEM),,,,43.625,1396.000,10030.000,"N_Qubit = 2 x active orbitals (exact). Stage-1 screening active space CAS(4,4), held fixed across all basis sets; 1 core orbital(s) frozen. PROVISIONAL: how far to restrict this molecule is an open campaign decision. Plain-VQE arm of the RealAmplitudes triple; the TN-VQE and classical-only rows on this circuit differ from it in method alone. Cebule's basis-state-pair-grouping measurement scheme (TNQCOptInput.measurement_method='grouped'). Expected to need fewer or equal distinct circuits per iteration than 'pauli', but the exact circuit count is an output of a real run, not predictable from the inputs."
87,1_screen,H2O,O 0 0 0; H 0 0.75695 0.58588; H 0 -0.75695 0.58588,0,1,10,6-31g,basis_set_exchange,valence_cas,4,4,JW,8,jw_exact,VQE,RealAmplitudes,2,ibm_aachen,COBYLA,{},32,4096,2.3.0,,n/a (not TN-VQE),n/a (not TN-VQE),pauli,data/qasm/RealAmplitudes_8q_2r.qasm,746c96139c6c,24,random(seed=20260811),,29,qwc_grouping,none,n/a (shot-based),n/a (not QESEM),,,,43.625,1396.000,11426.000,"N_Qubit = 2 x active orbitals (exact). Stage-1 screening active space CAS(4,4), held fixed across all basis sets; 1 core orbital(s) frozen. PROVISIONAL: how far to restrict this molecule is an open campaign decision. Plain-VQE arm of the RealAmplitudes triple; the TN-VQE and classical-only rows on this circuit differ from it in method alone. Standard per-Pauli-string measurement (baseline)."
91,1_screen,H2O,O 0 0 0; H 0 0.75695 0.58588; H 0 -0.75695 0.58588,0,1,10,6-31g,basis_set_exchange,valence_cas,4,4,JW,8,jw_exact,VQE,RealAmplitudes,2,ibm_aachen,COBYLA,{},32,4096,2.3.0,,n/a (not TN-VQE),n/a (not TN-VQE),grouped,data/qasm/RealAmplitudes_8q_2r.qasm,746c96139c6c,24,random(seed=20260811),,29,qwc_grouping,none,n/a (shot-based),n/a (not QESEM),,,,43.625,1396.000,12822.000,"N_Qubit = 2 x active orbitals (exact). Stage-1 screening active space CAS(4,4), held fixed across all basis sets; 1 core orbital(s) frozen. PROVISIONAL: how far to restrict this molecule is an open campaign decision. Plain-VQE arm of the RealAmplitudes triple; the TN-VQE and classical-only rows on this circuit differ from it in method alone. Cebule's basis-state-pair-grouping measurement scheme (TNQCOptInput.measurement_method='grouped'). Expected to need fewer or equal distinct circuits per iteration than 'pauli', but the exact circuit count is an output of a real run, not predictable from the inputs."
103,1_screen,H2O,O 0 0 0; H 0 0.75695 0.58588; H 0 -0.75695 0.58588,0,1,10,cc-pvdz,basis_set_exchange,valence_cas,4,4,JW,8,jw_exact,VQE,RealAmplitudes,2,ibm_aachen,COBYLA,{},32,4096,2.3.0,,n/a (not TN-VQE),n/a (not TN-VQE),pauli,data/qasm/RealAmplitudes_8q_2r.qasm,746c96139c6c,24,random(seed=20260811),,29,qwc_grouping,none,n/a (shot-based),n/a (not QESEM),,,,43.625,1396.000,14218.000,"N_Qubit = 2 x active orbitals (exact). Stage-1 screening active space CAS(4,4), held fixed across all basis sets; 1 core orbital(s) frozen. PROVISIONAL: how far to restrict this molecule is an open campaign decision. Plain-VQE arm of the RealAmplitudes triple; the TN-VQE and classical-only rows on this circuit differ from it in method alone. Standard per-Pauli-string measurement (baseline)."
107,1_screen,H2O,O 0 0 0; H 0 0.75695 0.58588; H 0 -0.75695 0.58588,0,1,10,cc-pvdz,basis_set_exchange,valence_cas,4,4,JW,8,jw_exact,VQE,RealAmplitudes,2,ibm_aachen,COBYLA,{},32,4096,2.3.0,,n/a (not TN-VQE),n/a (not TN-VQE),grouped,data/qasm/RealAmplitudes_8q_2r.qasm,746c96139c6c,24,random(seed=20260811),,29,qwc_grouping,none,n/a (shot-based),n/a (not QESEM),,,,43.625,1396.000,15614.000,"N_Qubit = 2 x active orbitals (exact). Stage-1 screening active space CAS(4,4), held fixed across all basis sets; 1 core orbital(s) frozen. PROVISIONAL: how far to restrict this molecule is an open campaign decision. Plain-VQE arm of the RealAmplitudes triple; the TN-VQE and classical-only rows on this circuit differ from it in method alone. Cebule's basis-state-pair-grouping measurement scheme (TNQCOptInput.measurement_method='grouped'). Expected to need fewer or equal distinct circuits per iteration than 'pauli', but the exact circuit count is an output of a real run, not predictable from the inputs."
119,1_screen,H2O,O 0 0 0; H 0 0.75695 0.58588; H 0 -0.75695 0.58588,0,1,10,cc-pvtz,basis_set_exchange,valence_cas,4,4,JW,8,jw_exact,VQE,RealAmplitudes,2,ibm_aachen,COBYLA,{},32,4096,2.3.0,,n/a (not TN-VQE),n/a (not TN-VQE),pauli,data/qasm/RealAmplitudes_8q_2r.qasm,746c96139c6c,24,random(seed=20260811),,29,qwc_grouping,none,n/a (shot-based),n/a (not QESEM),,,,43.625,1396.000,17010.000,"N_Qubit = 2 x active orbitals (exact). Stage-1 screening active space CAS(4,4), held fixed across all basis sets; 1 core orbital(s) frozen. PROVISIONAL: how far to restrict this molecule is an open campaign decision. Plain-VQE arm of the RealAmplitudes triple; the TN-VQE and classical-only rows on this circuit differ from it in method alone. Standard per-Pauli-string measurement (baseline)."
123,1_screen,H2O,O 0 0 0; H 0 0.75695 0.58588; H 0 -0.75695 0.58588,0,1,10,cc-pvtz,basis_set_exchange,valence_cas,4,4,JW,8,jw_exact,VQE,RealAmplitudes,2,ibm_aachen,COBYLA,{},32,4096,2.3.0,,n/a (not TN-VQE),n/a (not TN-VQE),grouped,data/qasm/RealAmplitudes_8q_2r.qasm,746c96139c6c,24,random(seed=20260811),,29,qwc_grouping,none,n/a (shot-based),n/a (not QESEM),,,,43.625,1396.000,18406.000,"N_Qubit = 2 x active orbitals (exact). Stage-1 screening active space CAS(4,4), held fixed across all basis sets; 1 core orbital(s) frozen. PROVISIONAL: how far to restrict this molecule is an open campaign decision. Plain-VQE arm of the RealAmplitudes triple; the TN-VQE and classical-only rows on this circuit differ from it in method alone. Cebule's basis-state-pair-grouping measurement scheme (TNQCOptInput.measurement_method='grouped'). Expected to need fewer or equal distinct circuits per iteration than 'pauli', but the exact circuit count is an output of a real run, not predictable from the inputs."
135,1_screen,H2O,O 0 0 0; H 0 0.75695 0.58588; H 0 -0.75695 0.58588,0,1,10,def2-tzvp,basis_set_exchange,valence_cas,4,4,JW,8,jw_exact,VQE,RealAmplitudes,2,ibm_aachen,COBYLA,{},32,4096,2.3.0,,n/a (not TN-VQE),n/a (not TN-VQE),pauli,data/qasm/RealAmplitudes_8q_2r.qasm,746c96139c6c,24,random(seed=20260811),,29,qwc_grouping,none,n/a (shot-based),n/a (not QESEM),,,,43.625,1396.000,19802.000,"N_Qubit = 2 x active orbitals (exact). Stage-1 screening active space CAS(4,4), held fixed across all basis sets; 1 core orbital(s) frozen. PROVISIONAL: how far to restrict this molecule is an open campaign decision. Plain-VQE arm of the RealAmplitudes triple; the TN-VQE and classical-only rows on this circuit differ from it in method alone. Standard per-Pauli-string measurement (baseline)."
139,1_screen,H2O,O 0 0 0; H 0 0.75695 0.58588; H 0 -0.75695 0.58588,0,1,10,def2-tzvp,basis_set_exchange,valence_cas,4,4,JW,8,jw_exact,VQE,RealAmplitudes,2,ibm_aachen,COBYLA,{},32,4096,2.3.0,,n/a (not TN-VQE),n/a (not TN-VQE),grouped,data/qasm/RealAmplitudes_8q_2r.qasm,746c96139c6c,24,random(seed=20260811),,29,qwc_grouping,none,n/a (shot-based),n/a (not QESEM),,,,43.625,1396.000,21198.000,"N_Qubit = 2 x active orbitals (exact). Stage-1 screening active space CAS(4,4), held fixed across all basis sets; 1 core orbital(s) frozen. PROVISIONAL: how far to restrict this molecule is an open campaign decision. Plain-VQE arm of the RealAmplitudes triple; the TN-VQE and classical-only rows on this circuit differ from it in method alone. Cebule's basis-state-pair-grouping measurement scheme (TNQCOptInput.measurement_method='grouped'). Expected to need fewer or equal distinct circuits per iteration than 'pauli', but the exact circuit count is an output of a real run, not predictable from the inputs."
151,1_screen,H2O,O 0 0 0; H 0 0.75695 0.58588; H 0 -0.75695 0.58588,0,1,10,qvSZP,grimme_qvszp,valence_cas,4,4,JW,8,jw_exact,VQE,RealAmplitudes,2,ibm_aachen,COBYLA,{},32,4096,2.3.0,,n/a (not TN-VQE),n/a (not TN-VQE),pauli,data/qasm/RealAmplitudes_8q_2r.qasm,746c96139c6c,24,random(seed=20260811),,29,qwc_grouping,none,n/a (shot-based),n/a (not QESEM),,,,43.625,1396.000,22594.000,"N_Qubit = 2 x active orbitals (exact). Stage-1 screening active space CAS(4,4), held fixed across all basis sets; 1 core orbital(s) frozen. PROVISIONAL: how far to restrict this molecule is an open campaign decision. Plain-VQE arm of the RealAmplitudes triple; the TN-VQE and classical-only rows on this circuit differ from it in method alone. Standard per-Pauli-string measurement (baseline)."
155,1_screen,H2O,O 0 0 0; H 0 0.75695 0.58588; H 0 -0.75695 0.58588,0,1,10,qvSZP,grimme_qvszp,valence_cas,4,4,JW,8,jw_exact,VQE,RealAmplitudes,2,ibm_aachen,COBYLA,{},32,4096,2.3.0,,n/a (not TN-VQE),n/a (not TN-VQE),grouped,data/qasm/RealAmplitudes_8q_2r.qasm,746c96139c6c,24,random(seed=20260811),,29,qwc_grouping,none,n/a (shot-based),n/a (not QESEM),,,,43.625,1396.000,23990.000,"N_Qubit = 2 x active orbitals (exact). Stage-1 screening active space CAS(4,4), held fixed across all basis sets; 1 core orbital(s) frozen. PROVISIONAL: how far to restrict this molecule is an open campaign decision. Plain-VQE arm of the RealAmplitudes triple; the TN-VQE and classical-only rows on this circuit differ from it in method alone. Cebule's basis-state-pair-grouping measurement scheme (TNQCOptInput.measurement_method='grouped'). Expected to need fewer or equal distinct circuits per iteration than 'pauli', but the exact circuit count is an output of a real run, not predictable from the inputs."
