Case_ID,Stage,Molecule,Geometry,Charge,Multiplicity,Num_Electrons,Basis,Basis_Source,Active_Space,Active_Electrons,Active_Orbitals,Mapper,N_Qubit,N_Qubit_Source,Method,Ansatz,Ansatz_Reps,Entanglement,Backend_Platform,Optimizer,Opt_Options,Quantum_Eval_Budget,Quantum_Evals_Per_Iteration,Cost_Evals_Per_Iteration,Iterations,Shots,Qiskit_Version,TN_Layers_Network,TN_Ansatz,Optimization_Mode,Measurement_Method,Qasm_Ansatz_File,Qasm_Ansatz_SHA256,Num_Opt_Params_Phi,Phi_Init,Num_Opt_Params_Theta,Num_ExpVals_Per_Iter,Num_ExpVals_Source,Error_Mitigation,Precision,QESEM_Execution_Mode,Refines_Case_ID,Converged_Params_File,Converged_Params_SHA256,Infeasible_Reason,Notes
1,targeted,H2,H 0 0 0; H 0 0 0.74144,0,1,2,6-31g,basis_set_exchange,full,2,4,JW,8,jw_exact,VQE,RealAmplitudes,2,,aer_simulator,COBYLA,{},32,1,1,32,4096,2.3.0,,n/a (not TN-VQE),circuit,pauli,data/qasm/RealAmplitudes_8q_2r.qasm,746c96139c6c,24,hf-approx,,34,measured_run,none,n/a (shot-based),n/a (not QESEM),,,,,N_Qubit = 2 x active orbitals (exact). Baseline row: every other row in this campaign is one deliberate step away from this. COBYLA builds an n+1 point simplex before its first descent step; the budget is proportional to the row's own free-parameter count so that every row reaches a comparable fraction of its achievable descent. This is the campaign's incumbent and the optimizer every committed cost estimate was made under. Standard per-Pauli-string measurement (baseline).
2,targeted,H2,H 0 0 0; H 0 0 0.74144,0,1,2,6-31g,basis_set_exchange,full,2,4,mol_map_spinblock,4,mol_map_spinblock_computed,VQE,RealAmplitudes,2,,aer_simulator,COBYLA,{},30,1,1,30,4096,2.3.0,,n/a (not TN-VQE),circuit,grouped,data/qasm/RealAmplitudes_4q_2r.qasm,20ee55d404ec,12,hf-approx,,52,hamiltonian_file,none,n/a (shot-based),n/a (not QESEM),,,,,"N_Qubit predicted by hamiltonian_sources.mol_map's inferred constraint-encoding formula, not a real MOL_MAP run -- exact for all 8 counts real runs have reported, but an estimate here. Mapper axis, off the baseline: JW vs mol_map. COBYLA builds an n+1 point simplex before its first descent step; the budget is proportional to the row's own free-parameter count so that every row reaches a comparable fraction of its achievable descent. This is the campaign's incumbent and the optimizer every committed cost estimate was made under. Cebule's basis-state-pair-grouping measurement scheme (TNQCOptInput.measurement_method='grouped'). Expected to need fewer or equal distinct circuits per iteration than 'pauli', but the exact circuit count is an output of a real run, not predictable from the inputs."
3,targeted,H2,H 0 0 0; H 0 0 0.74144,0,1,2,6-31g,basis_set_exchange,full,2,4,JW,8,jw_exact,VQE,UCCSD,2,,aer_simulator,COBYLA,{},30,1,1,30,4096,2.3.0,,n/a (not TN-VQE),circuit,pauli,data/qasm/UCCSD_JW_8q_2r_2e.qasm,a10e02ea112b,15,zeros,,34,measured_run,none,n/a (shot-based),n/a (not QESEM),,,,,N_Qubit = 2 x active orbitals (exact). Mapper axis on the chemistry anchor: JW vs mol_map. COBYLA builds an n+1 point simplex before its first descent step; the budget is proportional to the row's own free-parameter count so that every row reaches a comparable fraction of its achievable descent. This is the campaign's incumbent and the optimizer every committed cost estimate was made under. Standard per-Pauli-string measurement (baseline).
4,targeted,H2,H 0 0 0; H 0 0 0.74144,0,1,2,6-31g,basis_set_exchange,full,2,4,mol_map_spinblock,4,mol_map_spinblock_computed,VQE,UCCSD,2,,aer_simulator,COBYLA,{},30,1,1,30,4096,2.3.0,,n/a (not TN-VQE),circuit,grouped,data/qasm/UCCSD_molmapspinblock_4q_2r_2e_4o.qasm,f0c28cab9afb,15,zeros,,52,hamiltonian_file,none,n/a (shot-based),n/a (not QESEM),,,,,"N_Qubit predicted by hamiltonian_sources.mol_map's inferred constraint-encoding formula, not a real MOL_MAP run -- exact for all 8 counts real runs have reported, but an estimate here. Mapper axis on the chemistry anchor: JW vs mol_map. COBYLA builds an n+1 point simplex before its first descent step; the budget is proportional to the row's own free-parameter count so that every row reaches a comparable fraction of its achievable descent. This is the campaign's incumbent and the optimizer every committed cost estimate was made under. Cebule's basis-state-pair-grouping measurement scheme (TNQCOptInput.measurement_method='grouped'). Expected to need fewer or equal distinct circuits per iteration than 'pauli', but the exact circuit count is an output of a real run, not predictable from the inputs."
5,targeted,H2,H 0 0 0; H 0 0 0.74144,0,1,2,6-31g,basis_set_exchange,full,2,4,JW,8,jw_exact,VQE,RealAmplitudes,1,,aer_simulator,COBYLA,{},30,1,1,30,4096,2.3.0,,n/a (not TN-VQE),circuit,pauli,data/qasm/RealAmplitudes_8q_1r.qasm,8aff0bb2efd7,16,hf-approx,,34,measured_run,none,n/a (shot-based),n/a (not QESEM),,,,,N_Qubit = 2 x active orbitals (exact). Ansatz-reps axis: RealAmplitudes at reps=1. COBYLA builds an n+1 point simplex before its first descent step; the budget is proportional to the row's own free-parameter count so that every row reaches a comparable fraction of its achievable descent. This is the campaign's incumbent and the optimizer every committed cost estimate was made under. Standard per-Pauli-string measurement (baseline).
7,targeted,H2,H 0 0 0; H 0 0 0.74144,0,1,2,6-31g,basis_set_exchange,full,2,4,JW,8,jw_exact,VQE,RealAmplitudes,3,,aer_simulator,COBYLA,{},42,1,1,42,4096,2.3.0,,n/a (not TN-VQE),circuit,pauli,data/qasm/RealAmplitudes_8q_3r.qasm,ee506726dd6f,32,hf-approx,,34,measured_run,none,n/a (shot-based),n/a (not QESEM),,,,,N_Qubit = 2 x active orbitals (exact). Ansatz-reps axis: RealAmplitudes at reps=3. COBYLA builds an n+1 point simplex before its first descent step; the budget is proportional to the row's own free-parameter count so that every row reaches a comparable fraction of its achievable descent. This is the campaign's incumbent and the optimizer every committed cost estimate was made under. Standard per-Pauli-string measurement (baseline).
8,targeted,H2,H 0 0 0; H 0 0 0.74144,0,1,2,6-31g,basis_set_exchange,full,2,4,JW,8,jw_exact,VQE,RealAmplitudes,4,,aer_simulator,COBYLA,{},52,1,1,52,4096,2.3.0,,n/a (not TN-VQE),circuit,pauli,data/qasm/RealAmplitudes_8q_4r.qasm,4b3b5cb6b2c7,40,hf-approx,,34,measured_run,none,n/a (shot-based),n/a (not QESEM),,,,,N_Qubit = 2 x active orbitals (exact). Ansatz-reps axis: RealAmplitudes at reps=4. COBYLA builds an n+1 point simplex before its first descent step; the budget is proportional to the row's own free-parameter count so that every row reaches a comparable fraction of its achievable descent. This is the campaign's incumbent and the optimizer every committed cost estimate was made under. Standard per-Pauli-string measurement (baseline).
9,targeted,H2,H 0 0 0; H 0 0 0.74144,0,1,2,6-31g,basis_set_exchange,full,2,4,JW,8,jw_exact,VQE,n_local_rzryrz_sca,1,,aer_simulator,COBYLA,{},63,1,1,63,4096,2.3.0,,n/a (not TN-VQE),circuit,pauli,data/qasm/n_local_rzryrz_sca_8q_1r.qasm,b8066c89868d,48,hf-approx,,34,measured_run,none,n/a (shot-based),n/a (not QESEM),,,,,N_Qubit = 2 x active orbitals (exact). Ansatz-reps axis: n_local_rzryrz_sca at reps=1. COBYLA builds an n+1 point simplex before its first descent step; the budget is proportional to the row's own free-parameter count so that every row reaches a comparable fraction of its achievable descent. This is the campaign's incumbent and the optimizer every committed cost estimate was made under. Standard per-Pauli-string measurement (baseline).
10,targeted,H2,H 0 0 0; H 0 0 0.74144,0,1,2,6-31g,basis_set_exchange,full,2,4,JW,8,jw_exact,VQE,n_local_rzryrz_sca,2,,aer_simulator,COBYLA,{},94,1,1,94,4096,2.3.0,,n/a (not TN-VQE),circuit,pauli,data/qasm/n_local_rzryrz_sca_8q_2r.qasm,0bc95eba9715,72,hf-approx,,34,measured_run,none,n/a (shot-based),n/a (not QESEM),,,,,N_Qubit = 2 x active orbitals (exact). Ansatz-reps axis: n_local_rzryrz_sca at reps=2. COBYLA builds an n+1 point simplex before its first descent step; the budget is proportional to the row's own free-parameter count so that every row reaches a comparable fraction of its achievable descent. This is the campaign's incumbent and the optimizer every committed cost estimate was made under. Standard per-Pauli-string measurement (baseline).
11,targeted,H2,H 0 0 0; H 0 0 0.74144,0,1,2,6-31g,basis_set_exchange,full,2,4,JW,8,jw_exact,VQE,n_local_rzryrz_sca,3,,aer_simulator,COBYLA,{},125,1,1,125,4096,2.3.0,,n/a (not TN-VQE),circuit,pauli,data/qasm/n_local_rzryrz_sca_8q_3r.qasm,a18a0b1c6828,96,hf-approx,,34,measured_run,none,n/a (shot-based),n/a (not QESEM),,,,,N_Qubit = 2 x active orbitals (exact). Ansatz-reps axis: n_local_rzryrz_sca at reps=3. COBYLA builds an n+1 point simplex before its first descent step; the budget is proportional to the row's own free-parameter count so that every row reaches a comparable fraction of its achievable descent. This is the campaign's incumbent and the optimizer every committed cost estimate was made under. Standard per-Pauli-string measurement (baseline).
12,targeted,H2,H 0 0 0; H 0 0 0.74144,0,1,2,6-31g,basis_set_exchange,full,2,4,JW,8,jw_exact,VQE,n_local_rzryrz_sca,4,,aer_simulator,COBYLA,{},156,1,1,156,4096,2.3.0,,n/a (not TN-VQE),circuit,pauli,data/qasm/n_local_rzryrz_sca_8q_4r.qasm,2fde5d7ab0a6,120,hf-approx,,34,measured_run,none,n/a (shot-based),n/a (not QESEM),,,,,N_Qubit = 2 x active orbitals (exact). Ansatz-reps axis: n_local_rzryrz_sca at reps=4. COBYLA builds an n+1 point simplex before its first descent step; the budget is proportional to the row's own free-parameter count so that every row reaches a comparable fraction of its achievable descent. This is the campaign's incumbent and the optimizer every committed cost estimate was made under. Standard per-Pauli-string measurement (baseline).
13,targeted,H2,H 0 0 0; H 0 0 0.74144,0,1,2,6-31g,basis_set_exchange,full,2,4,JW,8,jw_exact,VQE,RealAmplitudes,2,full,aer_simulator,COBYLA,{},32,1,1,32,4096,2.3.0,,n/a (not TN-VQE),circuit,pauli,data/qasm/RealAmplitudes_8q_2r_full.qasm,4e7ac2f8729d,24,hf-approx,,34,measured_run,none,n/a (shot-based),n/a (not QESEM),,,,,N_Qubit = 2 x active orbitals (exact). Entangler-topology axis: RealAmplitudes with 'full' entanglement instead of its own default. COBYLA builds an n+1 point simplex before its first descent step; the budget is proportional to the row's own free-parameter count so that every row reaches a comparable fraction of its achievable descent. This is the campaign's incumbent and the optimizer every committed cost estimate was made under. Standard per-Pauli-string measurement (baseline).
14,targeted,H2,H 0 0 0; H 0 0 0.74144,0,1,2,6-31g,basis_set_exchange,full,2,4,JW,8,jw_exact,VQE,n_local_rzryrz_sca,2,full,aer_simulator,COBYLA,{},94,1,1,94,4096,2.3.0,,n/a (not TN-VQE),circuit,pauli,data/qasm/n_local_rzryrz_sca_8q_2r_full.qasm,29e52780860f,72,hf-approx,,34,measured_run,none,n/a (shot-based),n/a (not QESEM),,,,,N_Qubit = 2 x active orbitals (exact). Entangler-topology axis: n_local_rzryrz_sca with 'full' entanglement instead of its own default. COBYLA builds an n+1 point simplex before its first descent step; the budget is proportional to the row's own free-parameter count so that every row reaches a comparable fraction of its achievable descent. This is the campaign's incumbent and the optimizer every committed cost estimate was made under. Standard per-Pauli-string measurement (baseline).
15,targeted,H2,H 0 0 0; H 0 0 0.74144,0,1,2,6-31g,basis_set_exchange,full,2,4,JW,8,jw_exact,VQE,tUPS,2,,aer_simulator,COBYLA,{},30,1,1,30,4096,2.3.0,,n/a (not TN-VQE),circuit,pauli,data/qasm/tUPS_JW_8q_2r_2e.qasm,8d8e14690142,18,zeros,,34,measured_run,none,n/a (shot-based),n/a (not QESEM),,,,,"N_Qubit = 2 x active orbitals (exact). New ansatz family: tUPS/pp-tUPS, number-conserving and HF-initialized like UCCSD. COBYLA builds an n+1 point simplex before its first descent step; the budget is proportional to the row's own free-parameter count so that every row reaches a comparable fraction of its achievable descent. This is the campaign's incumbent and the optimizer every committed cost estimate was made under. Standard per-Pauli-string measurement (baseline)."
17,targeted,H2,H 0 0 0; H 0 0 0.74144,0,1,2,6-31g,basis_set_exchange,full,2,4,JW,8,jw_exact,VQE,RealAmplitudes,2,,aer_simulator,SPSA,{},32,2,2,16,4096,2.3.0,,n/a (not TN-VQE),circuit,pauli,data/qasm/RealAmplitudes_8q_2r.qasm,746c96139c6c,24,hf-approx,,34,measured_run,none,n/a (shot-based),n/a (not QESEM),,,,,"N_Qubit = 2 x active orbitals (exact). Optimizer axis: SPSA on RealAmplitudes. SPSA spends the budget as floor(Iterations/2) steps at two evaluations each (a stochastic two-point gradient estimate), so its cost per step does NOT grow with the parameter count -- the one property that could make a wide row affordable. Standard per-Pauli-string measurement (baseline)."
18,targeted,H2,H 0 0 0; H 0 0 0.74144,0,1,2,6-31g,basis_set_exchange,full,2,4,JW,8,jw_exact,VQE,RealAmplitudes,2,,aer_simulator,ExcitationSolve,{},32,72,72,1,4096,2.3.0,,n/a (not TN-VQE),circuit,pauli,data/qasm/RealAmplitudes_8q_2r.qasm,746c96139c6c,24,hf-approx,,34,measured_run,none,n/a (shot-based),n/a (not QESEM),,,,,"N_Qubit = 2 x active orbitals (exact). Optimizer axis: ExcitationSolve on RealAmplitudes. ExcitationSolve reconstructs the energy's exact trigonometric dependence on one parameter and jumps to that parameter's global minimum, so its evaluations buy exact coordinate minima rather than descent steps. Reconstruction costs a fixed number of evaluations per parameter, so this budget does not complete a full sweep over all of them; whether it says anything useful inside a screening budget is what stage 0 measures. Standard per-Pauli-string measurement (baseline)."
20,targeted,H2,H 0 0 0; H 0 0 0.74144,0,1,2,6-31g,basis_set_exchange,full,2,4,JW,8,jw_exact,VQE,UCCSD,2,,aer_simulator,SPSA,"{""target_step"": 0.01, ""c"": 0.2}",30,2,2,15,4096,2.3.0,,n/a (not TN-VQE),circuit,pauli,data/qasm/UCCSD_JW_8q_2r_2e.qasm,a10e02ea112b,15,zeros,,34,measured_run,none,n/a (shot-based),n/a (not QESEM),,,,,"N_Qubit = 2 x active orbitals (exact). Optimizer axis: SPSA on UCCSD. SPSA spends the budget as floor(Iterations/2) steps at two evaluations each (a stochastic two-point gradient estimate), so its cost per step does NOT grow with the parameter count -- the one property that could make a wide row affordable. Standard per-Pauli-string measurement (baseline)."
21,targeted,H2,H 0 0 0; H 0 0 0.74144,0,1,2,6-31g,basis_set_exchange,full,2,4,JW,8,jw_exact,VQE,UCCSD,2,,aer_simulator,ExcitationSolve,"{""frequencies"": [[1, 2], [1, 2], [1, 2], [1, 2], [1, 2], [1, 2], [1, 2], [1, 2], [1, 2], [1, 2], [1, 2], [1, 2], [1, 2], [1, 2], [1, 2]]}",30,45,45,1,4096,2.3.0,,n/a (not TN-VQE),circuit,pauli,data/qasm/UCCSD_JW_8q_2r_2e.qasm,a10e02ea112b,15,zeros,,34,measured_run,none,n/a (shot-based),n/a (not QESEM),,,,,"N_Qubit = 2 x active orbitals (exact). Optimizer axis: ExcitationSolve on UCCSD. ExcitationSolve reconstructs the energy's exact trigonometric dependence on one parameter and jumps to that parameter's global minimum, so its evaluations buy exact coordinate minima rather than descent steps. Reconstruction costs a fixed number of evaluations per parameter, so this budget does not complete a full sweep over all of them; whether it says anything useful inside a screening budget is what stage 0 measures. Standard per-Pauli-string measurement (baseline)."
22,targeted,H2,H 0 0 0; H 0 0 0.74144,0,1,2,6-31g,basis_set_exchange,full,2,4,JW,8,jw_exact,TN-VQE,RealAmplitudes,2,,aer_simulator,COBYLA,{},46,1,1,46,4096,2.3.0,1,givens,both,pauli,data/qasm/RealAmplitudes_8q_2r.qasm,746c96139c6c,24,hf-approx,11,34,measured_run,none,n/a (shot-based),n/a (not QESEM),,,,,"N_Qubit = 2 x active orbitals (exact). Mode x TN-layers axis: both mode at TN_Layers_Network=1. givens is the JW image of a single-particle orbital rotation: it entangles, commutes with the number operator, and leaves U^dag H U a two-body fermionic Hamiltonian, so its Pauli-string count saturates with TN_Layers_Network rather than growing. COBYLA builds an n+1 point simplex before its first descent step; the budget is proportional to the row's own free-parameter count so that every row reaches a comparable fraction of its achievable descent. This is the campaign's incumbent and the optimizer every committed cost estimate was made under. Standard per-Pauli-string measurement (baseline)."
23,targeted,H2,H 0 0 0; H 0 0 0.74144,0,1,2,6-31g,basis_set_exchange,full,2,4,JW,8,jw_exact,TN-VQE,RealAmplitudes,2,,aer_simulator,COBYLA,{},55,1,1,55,4096,2.3.0,2,givens,both,pauli,data/qasm/RealAmplitudes_8q_2r.qasm,746c96139c6c,24,hf-approx,18,34,measured_run,none,n/a (shot-based),n/a (not QESEM),,,,,"N_Qubit = 2 x active orbitals (exact). Mode x TN-layers axis: both mode at TN_Layers_Network=2. givens is the JW image of a single-particle orbital rotation: it entangles, commutes with the number operator, and leaves U^dag H U a two-body fermionic Hamiltonian, so its Pauli-string count saturates with TN_Layers_Network rather than growing. COBYLA builds an n+1 point simplex before its first descent step; the budget is proportional to the row's own free-parameter count so that every row reaches a comparable fraction of its achievable descent. This is the campaign's incumbent and the optimizer every committed cost estimate was made under. Standard per-Pauli-string measurement (baseline)."
24,targeted,H2,H 0 0 0; H 0 0 0.74144,0,1,2,6-31g,basis_set_exchange,full,2,4,JW,8,jw_exact,TN-VQE,RealAmplitudes,2,,aer_simulator,COBYLA,{},64,1,1,64,4096,2.3.0,3,givens,both,pauli,data/qasm/RealAmplitudes_8q_2r.qasm,746c96139c6c,24,hf-approx,25,34,measured_run,none,n/a (shot-based),n/a (not QESEM),,,,,"N_Qubit = 2 x active orbitals (exact). Mode x TN-layers axis: both mode at TN_Layers_Network=3. givens is the JW image of a single-particle orbital rotation: it entangles, commutes with the number operator, and leaves U^dag H U a two-body fermionic Hamiltonian, so its Pauli-string count saturates with TN_Layers_Network rather than growing. COBYLA builds an n+1 point simplex before its first descent step; the budget is proportional to the row's own free-parameter count so that every row reaches a comparable fraction of its achievable descent. This is the campaign's incumbent and the optimizer every committed cost estimate was made under. Standard per-Pauli-string measurement (baseline)."
25,targeted,H2,H 0 0 0; H 0 0 0.74144,0,1,2,6-31g,basis_set_exchange,full,2,4,JW,8,jw_exact,TN-VQE,RealAmplitudes,2,,aer_simulator,COBYLA,{},30,0,1,30,n/a (network mode),2.3.0,1,givens,network,pauli,data/qasm/RealAmplitudes_8q_2r.qasm,746c96139c6c,24,hf-approx,11,n/a (network mode),n/a (network mode),none,n/a (shot-based),n/a (not QESEM),,,,,"N_Qubit = 2 x active orbitals (exact). Mode x TN-layers axis: network mode at TN_Layers_Network=1. givens is the JW image of a single-particle orbital rotation: it entangles, commutes with the number operator, and leaves U^dag H U a two-body fermionic Hamiltonian, so its Pauli-string count saturates with TN_Layers_Network rather than growing. COBYLA builds an n+1 point simplex before its first descent step; the budget is proportional to the row's own free-parameter count so that every row reaches a comparable fraction of its achievable descent. This is the campaign's incumbent and the optimizer every committed cost estimate was made under. Standard per-Pauli-string measurement (baseline)."
26,targeted,H2,H 0 0 0; H 0 0 0.74144,0,1,2,6-31g,basis_set_exchange,full,2,4,JW,8,jw_exact,TN-VQE,RealAmplitudes,2,,aer_simulator,COBYLA,{},30,0,1,30,n/a (network mode),2.3.0,2,givens,network,pauli,data/qasm/RealAmplitudes_8q_2r.qasm,746c96139c6c,24,hf-approx,18,n/a (network mode),n/a (network mode),none,n/a (shot-based),n/a (not QESEM),,,,,"N_Qubit = 2 x active orbitals (exact). Mode x TN-layers axis: network mode at TN_Layers_Network=2. givens is the JW image of a single-particle orbital rotation: it entangles, commutes with the number operator, and leaves U^dag H U a two-body fermionic Hamiltonian, so its Pauli-string count saturates with TN_Layers_Network rather than growing. COBYLA builds an n+1 point simplex before its first descent step; the budget is proportional to the row's own free-parameter count so that every row reaches a comparable fraction of its achievable descent. This is the campaign's incumbent and the optimizer every committed cost estimate was made under. Standard per-Pauli-string measurement (baseline)."
27,targeted,H2,H 0 0 0; H 0 0 0.74144,0,1,2,6-31g,basis_set_exchange,full,2,4,JW,8,jw_exact,TN-VQE,RealAmplitudes,2,,aer_simulator,COBYLA,{},33,0,1,33,n/a (network mode),2.3.0,3,givens,network,pauli,data/qasm/RealAmplitudes_8q_2r.qasm,746c96139c6c,24,hf-approx,25,n/a (network mode),n/a (network mode),none,n/a (shot-based),n/a (not QESEM),,,,,"N_Qubit = 2 x active orbitals (exact). Mode x TN-layers axis: network mode at TN_Layers_Network=3. givens is the JW image of a single-particle orbital rotation: it entangles, commutes with the number operator, and leaves U^dag H U a two-body fermionic Hamiltonian, so its Pauli-string count saturates with TN_Layers_Network rather than growing. COBYLA builds an n+1 point simplex before its first descent step; the budget is proportional to the row's own free-parameter count so that every row reaches a comparable fraction of its achievable descent. This is the campaign's incumbent and the optimizer every committed cost estimate was made under. Standard per-Pauli-string measurement (baseline)."
28,targeted,H2,H 0 0 0; H 0 0 0.74144,0,1,2,6-31g,basis_set_exchange,full,2,4,mol_map_spinblock,4,mol_map_spinblock_computed,TN-VQE,RealAmplitudes,2,,aer_simulator,COBYLA,{},30,1,1,30,4096,2.3.0,1,givens,both,grouped,data/qasm/RealAmplitudes_4q_2r.qasm,20ee55d404ec,12,hf-approx,5,52,hamiltonian_file,none,n/a (shot-based),n/a (not QESEM),,,,,"N_Qubit predicted by hamiltonian_sources.mol_map's inferred constraint-encoding formula, not a real MOL_MAP run -- exact for all 8 counts real runs have reported, but an estimate here. Motivated crossing (mapper x mode x TN-layers): does TN-VQE's advantage depend on Hamiltonian density? both mode at TN_Layers_Network=1, mol_map. givens is the JW image of a single-particle orbital rotation: it entangles, commutes with the number operator, and leaves U^dag H U a two-body fermionic Hamiltonian, so its Pauli-string count saturates with TN_Layers_Network rather than growing. COBYLA builds an n+1 point simplex before its first descent step; the budget is proportional to the row's own free-parameter count so that every row reaches a comparable fraction of its achievable descent. This is the campaign's incumbent and the optimizer every committed cost estimate was made under. Cebule's basis-state-pair-grouping measurement scheme (TNQCOptInput.measurement_method='grouped'). Expected to need fewer or equal distinct circuits per iteration than 'pauli', but the exact circuit count is an output of a real run, not predictable from the inputs."
29,targeted,H2,H 0 0 0; H 0 0 0.74144,0,1,2,6-31g,basis_set_exchange,full,2,4,mol_map_spinblock,4,mol_map_spinblock_computed,TN-VQE,RealAmplitudes,2,,aer_simulator,COBYLA,{},30,1,1,30,4096,2.3.0,2,givens,both,grouped,data/qasm/RealAmplitudes_4q_2r.qasm,20ee55d404ec,12,hf-approx,8,52,hamiltonian_file,none,n/a (shot-based),n/a (not QESEM),,,,,"N_Qubit predicted by hamiltonian_sources.mol_map's inferred constraint-encoding formula, not a real MOL_MAP run -- exact for all 8 counts real runs have reported, but an estimate here. Motivated crossing (mapper x mode x TN-layers): does TN-VQE's advantage depend on Hamiltonian density? both mode at TN_Layers_Network=2, mol_map. givens is the JW image of a single-particle orbital rotation: it entangles, commutes with the number operator, and leaves U^dag H U a two-body fermionic Hamiltonian, so its Pauli-string count saturates with TN_Layers_Network rather than growing. COBYLA builds an n+1 point simplex before its first descent step; the budget is proportional to the row's own free-parameter count so that every row reaches a comparable fraction of its achievable descent. This is the campaign's incumbent and the optimizer every committed cost estimate was made under. Cebule's basis-state-pair-grouping measurement scheme (TNQCOptInput.measurement_method='grouped'). Expected to need fewer or equal distinct circuits per iteration than 'pauli', but the exact circuit count is an output of a real run, not predictable from the inputs."
30,targeted,H2,H 0 0 0; H 0 0 0.74144,0,1,2,6-31g,basis_set_exchange,full,2,4,mol_map_spinblock,4,mol_map_spinblock_computed,TN-VQE,RealAmplitudes,2,,aer_simulator,COBYLA,{},30,1,1,30,4096,2.3.0,3,givens,both,grouped,data/qasm/RealAmplitudes_4q_2r.qasm,20ee55d404ec,12,hf-approx,11,52,hamiltonian_file,none,n/a (shot-based),n/a (not QESEM),,,,,"N_Qubit predicted by hamiltonian_sources.mol_map's inferred constraint-encoding formula, not a real MOL_MAP run -- exact for all 8 counts real runs have reported, but an estimate here. Motivated crossing (mapper x mode x TN-layers): does TN-VQE's advantage depend on Hamiltonian density? both mode at TN_Layers_Network=3, mol_map. givens is the JW image of a single-particle orbital rotation: it entangles, commutes with the number operator, and leaves U^dag H U a two-body fermionic Hamiltonian, so its Pauli-string count saturates with TN_Layers_Network rather than growing. COBYLA builds an n+1 point simplex before its first descent step; the budget is proportional to the row's own free-parameter count so that every row reaches a comparable fraction of its achievable descent. This is the campaign's incumbent and the optimizer every committed cost estimate was made under. Cebule's basis-state-pair-grouping measurement scheme (TNQCOptInput.measurement_method='grouped'). Expected to need fewer or equal distinct circuits per iteration than 'pauli', but the exact circuit count is an output of a real run, not predictable from the inputs."
31,targeted,H2,H 0 0 0; H 0 0 0.74144,0,1,2,6-31g,basis_set_exchange,full,2,4,mol_map_spinblock,4,mol_map_spinblock_computed,TN-VQE,RealAmplitudes,2,,aer_simulator,COBYLA,{},30,0,1,30,n/a (network mode),2.3.0,1,givens,network,grouped,data/qasm/RealAmplitudes_4q_2r.qasm,20ee55d404ec,12,hf-approx,5,n/a (network mode),n/a (network mode),none,n/a (shot-based),n/a (not QESEM),,,,,"N_Qubit predicted by hamiltonian_sources.mol_map's inferred constraint-encoding formula, not a real MOL_MAP run -- exact for all 8 counts real runs have reported, but an estimate here. Motivated crossing (mapper x mode x TN-layers): does TN-VQE's advantage depend on Hamiltonian density? network mode at TN_Layers_Network=1, mol_map. givens is the JW image of a single-particle orbital rotation: it entangles, commutes with the number operator, and leaves U^dag H U a two-body fermionic Hamiltonian, so its Pauli-string count saturates with TN_Layers_Network rather than growing. COBYLA builds an n+1 point simplex before its first descent step; the budget is proportional to the row's own free-parameter count so that every row reaches a comparable fraction of its achievable descent. This is the campaign's incumbent and the optimizer every committed cost estimate was made under. Cebule's basis-state-pair-grouping measurement scheme (TNQCOptInput.measurement_method='grouped'). Expected to need fewer or equal distinct circuits per iteration than 'pauli', but the exact circuit count is an output of a real run, not predictable from the inputs."
32,targeted,H2,H 0 0 0; H 0 0 0.74144,0,1,2,6-31g,basis_set_exchange,full,2,4,mol_map_spinblock,4,mol_map_spinblock_computed,TN-VQE,RealAmplitudes,2,,aer_simulator,COBYLA,{},30,0,1,30,n/a (network mode),2.3.0,2,givens,network,grouped,data/qasm/RealAmplitudes_4q_2r.qasm,20ee55d404ec,12,hf-approx,8,n/a (network mode),n/a (network mode),none,n/a (shot-based),n/a (not QESEM),,,,,"N_Qubit predicted by hamiltonian_sources.mol_map's inferred constraint-encoding formula, not a real MOL_MAP run -- exact for all 8 counts real runs have reported, but an estimate here. Motivated crossing (mapper x mode x TN-layers): does TN-VQE's advantage depend on Hamiltonian density? network mode at TN_Layers_Network=2, mol_map. givens is the JW image of a single-particle orbital rotation: it entangles, commutes with the number operator, and leaves U^dag H U a two-body fermionic Hamiltonian, so its Pauli-string count saturates with TN_Layers_Network rather than growing. COBYLA builds an n+1 point simplex before its first descent step; the budget is proportional to the row's own free-parameter count so that every row reaches a comparable fraction of its achievable descent. This is the campaign's incumbent and the optimizer every committed cost estimate was made under. Cebule's basis-state-pair-grouping measurement scheme (TNQCOptInput.measurement_method='grouped'). Expected to need fewer or equal distinct circuits per iteration than 'pauli', but the exact circuit count is an output of a real run, not predictable from the inputs."
33,targeted,H2,H 0 0 0; H 0 0 0.74144,0,1,2,6-31g,basis_set_exchange,full,2,4,mol_map_spinblock,4,mol_map_spinblock_computed,TN-VQE,RealAmplitudes,2,,aer_simulator,COBYLA,{},30,0,1,30,n/a (network mode),2.3.0,3,givens,network,grouped,data/qasm/RealAmplitudes_4q_2r.qasm,20ee55d404ec,12,hf-approx,11,n/a (network mode),n/a (network mode),none,n/a (shot-based),n/a (not QESEM),,,,,"N_Qubit predicted by hamiltonian_sources.mol_map's inferred constraint-encoding formula, not a real MOL_MAP run -- exact for all 8 counts real runs have reported, but an estimate here. Motivated crossing (mapper x mode x TN-layers): does TN-VQE's advantage depend on Hamiltonian density? network mode at TN_Layers_Network=3, mol_map. givens is the JW image of a single-particle orbital rotation: it entangles, commutes with the number operator, and leaves U^dag H U a two-body fermionic Hamiltonian, so its Pauli-string count saturates with TN_Layers_Network rather than growing. COBYLA builds an n+1 point simplex before its first descent step; the budget is proportional to the row's own free-parameter count so that every row reaches a comparable fraction of its achievable descent. This is the campaign's incumbent and the optimizer every committed cost estimate was made under. Cebule's basis-state-pair-grouping measurement scheme (TNQCOptInput.measurement_method='grouped'). Expected to need fewer or equal distinct circuits per iteration than 'pauli', but the exact circuit count is an output of a real run, not predictable from the inputs."
34,targeted,H2O,O 0 0 0; H 0 0.75695 0.58588; H 0 -0.75695 0.58588,0,1,10,6-31g,basis_set_exchange,valence_cas,4,4,mol_map_spinblock,6,mol_map_spinblock_computed,VQE,RealAmplitudes,2,,aer_simulator,COBYLA,{},30,1,1,30,4096,2.3.0,,n/a (not TN-VQE),circuit,grouped,data/qasm/RealAmplitudes_6q_2r.qasm,68f3557999e6,18,hf-approx,,392,hamiltonian_file,none,n/a (shot-based),n/a (not QESEM),,,,,"N_Qubit predicted by hamiltonian_sources.mol_map's inferred constraint-encoding formula, not a real MOL_MAP run -- exact for all 8 counts real runs have reported, but an estimate here. Richer system: H2O/6-31g, mol_map only (H2O/JW is the known-infeasible 16-qubit cell). COBYLA builds an n+1 point simplex before its first descent step; the budget is proportional to the row's own free-parameter count so that every row reaches a comparable fraction of its achievable descent. This is the campaign's incumbent and the optimizer every committed cost estimate was made under. Cebule's basis-state-pair-grouping measurement scheme (TNQCOptInput.measurement_method='grouped'). Expected to need fewer or equal distinct circuits per iteration than 'pauli', but the exact circuit count is an output of a real run, not predictable from the inputs."
35,targeted,H2O,O 0 0 0; H 0 0.75695 0.58588; H 0 -0.75695 0.58588,0,1,10,6-31g,basis_set_exchange,valence_cas,4,4,mol_map_spinblock,6,mol_map_spinblock_computed,VQE,UCCSD,2,,aer_simulator,COBYLA,{},34,1,1,34,4096,2.3.0,,n/a (not TN-VQE),circuit,grouped,data/qasm/UCCSD_molmapspinblock_6q_2r_4e_4o.qasm,245bc629188c,26,zeros,,392,hamiltonian_file,none,n/a (shot-based),n/a (not QESEM),,,,,"N_Qubit predicted by hamiltonian_sources.mol_map's inferred constraint-encoding formula, not a real MOL_MAP run -- exact for all 8 counts real runs have reported, but an estimate here. Richer system: H2O/6-31g, mol_map only (H2O/JW is the known-infeasible 16-qubit cell). COBYLA builds an n+1 point simplex before its first descent step; the budget is proportional to the row's own free-parameter count so that every row reaches a comparable fraction of its achievable descent. This is the campaign's incumbent and the optimizer every committed cost estimate was made under. Cebule's basis-state-pair-grouping measurement scheme (TNQCOptInput.measurement_method='grouped'). Expected to need fewer or equal distinct circuits per iteration than 'pauli', but the exact circuit count is an output of a real run, not predictable from the inputs."
